{"precision": 0.3105022831050228, "recall": 0.3333333333333333, "f1": 0.32151300236406616, "n_samples": 73}